Person Name,Document Name
Cleve, 64065.txt
Thauher, 64065.txt
Job Hedges, 64072.txt
balloU, 64072.txt
Williams, 64075.txt
Allaire, 64075.txt
Kelleher, 64075.txt
Park, 64076.txt
Kaat, 64076.txt
Daniel S Lamont, 64076.txt
Lamont, 64076.txt
Mrs Lamont, 64076.txt
Lamont, 64076.txt
Col Lamont, 64076.txt
Col Laujunt, 64076.txt
Ducey, 64080.txt
Katlier Ducey, 64080.txt
Ducey, 64080.txt
Hiannell, 64080.txt
Durey waslleorge K Hcaunrll, 64080.txt
Ducer, 64080.txt
Herman Agri, 64086.txt
Iluluich, 64092.txt
Iho I Sou, 64106.txt
Mntll, 64106.txt
Pelcm, 64106.txt
Ieiiviciila, 64106.txt
Morrison, 64106.txt
Daniel, 64106.txt
Sleitmrr FrancIsco Krventrcn Jaj, 64108.txt
Jenkins, 64108.txt
Hull, 64108.txt
Kntrlanil, 64108.txt
Ilie, 64108.txt
Mcanier, 64108.txt
Ann, 64108.txt
Itimton, 64108.txt
Itillnmrv, 64113.txt
Samuel, 64113.txt
Wfiimll, 64113.txt
Ko lim Ililxton, 64113.txt
Hock Mnunlnlnn, 64117.txt
Mver, 64118.txt
DAVID, 64118.txt
JACKSON, 64118.txt
TILDEN, 64118.txt
Koncc, 64119.txt
Hepubllcsn, 64128.txt
Morcrox, 64128.txt
Anil, 64133.txt
Rhythiu, 64133.txt
IOKWENTHAI Lu, 64133.txt
Jlr W J nmiHoii, 64136.txt
Jai, 64136.txt
Uhaslru, 64136.txt
Ito, 64138.txt
Mark, 64139.txt
Xlnnefiita Slitte, 64141.txt
Vernon, 64141.txt
Vernoa, 64141.txt
Ferris, 64141.txt
Ttlghroanslilanf, 64141.txt
Talbot, 64141.txt
Mary, 64141.txt
Jolnei, 64141.txt
Frau Cotlma Wagner, 64142.txt
Anton Seldl, 64142.txt
An Weber, 64142.txt
Dresden Wagner, 64142.txt
George Tyler Iha, 64142.txt
Ito Prince, 64142.txt
TurLrtlaiiand, 64142.txt
Elias, 64142.txt
Turcoimuan Gotemmuir, 64142.txt
Jtoui, 64142.txt
Philip Cooper, 64150.txt
Herbert, 64150.txt
Cooper, 64150.txt
Jiartlrular, 64150.txt
Cooper, 64150.txt
Cap, 64150.txt
Walker, 64150.txt
Kxamlnlng, 64150.txt
Hoard Cnpt Allen, 64150.txt
Norton, 64150.txt
Roper, 64152.txt
Anthony Comstock, 64155.txt
Comstock, 64155.txt
Hale, 64155.txt
St Hale, 64155.txt
Hale, 64155.txt
Hales, 64155.txt
Mott, 64156.txt
Naili Hrul Iad, 64159.txt
Jamei Klrkvvutxl, 64159.txt
Kirk, 64159.txt
John, 64160.txt
Whei Foreman Johu, 64160.txt
Hubert Hall, 64160.txt
Thom, 64160.txt
Jim, 64162.txt
Stu, 64166.txt
Now York, 64166.txt
Rutherford, 64166.txt
Jill, 64167.txt
Peter Miller, 68040.txt
Miller, 68040.txt
Phoertner, 68040.txt
Miller, 68040.txt
Miller, 68040.txt
Jenkins, 68041.txt
Jenkins, 68041.txt
Pauline Hall, 68041.txt
McClelland, 68041.txt
Tounff Momrn Hart, 68042.txt
Lena Elmore Sallle Townsend, 68042.txt
Elmora, 68042.txt
Mlu Spaldlng, 68042.txt
Sparks, 68043.txt
Irunic, 68043.txt
Motorman Pat, 68043.txt
David Wcttintt, 68043.txt
Ike HnldHhlpn, 68046.txt
Gordon, 68046.txt
Adams, 68048.txt
Adams, 68048.txt
Gould, 68048.txt
Adams, 68048.txt
Sili, 68048.txt
Shelby, 68049.txt
Charley Eple, 68049.txt
Sheriff, 68049.txt
Helen Varlck Ho, 68054.txt
Emma Beck, 68054.txt
Pomeroy, 68054.txt
Jane Pearce, 68054.txt
K H liruwn Itbii Jloswell, 68054.txt
Wilson, 68054.txt
Mark M Pomeroy, 68054.txt
McKinley, 68059.txt
Stevens, 68059.txt
David, 68059.txt
Thurber, 68075.txt
Ijuuont, 68076.txt
Mr John Reaper, 68076.txt
henry Thurber, 68076.txt
Ilia Ceumpaiga, 68077.txt
McKinley, 68077.txt
Lee, 68079.txt
Hill Oov Flower, 68080.txt
John i McKane, 68080.txt
Kane, 68080.txt
GroMcup, 68082.txt
Jenkins, 68082.txt
Oakes, 68082.txt
Augustus Jenkins, 68083.txt
Ion, 68083.txt
James, 68083.txt
Ellsha Robert, 68083.txt
Herbert Guy, 68083.txt
James, 68083.txt
Hon Thomas, 68084.txt
Herbert, 68084.txt
Dela, 68084.txt
Patterson, 68085.txt
Isaac Clans, 68085.txt
Claus, 68085.txt
Patterson, 68085.txt
Patterson, 68085.txt
Claus, 68085.txt
Mrs Hosa Winkle, 68086.txt
Frederick Fitzgerald, 68087.txt
Samuel Colt, 68087.txt
Thoonaro, 68089.txt
Katherine Perlna, 68090.txt
IIIII, 68090.txt
William A Ryan, 68091.txt
Mary, 68091.txt
Walton Ireen, 68093.txt
Robert ACliri, 68093.txt
Hull, 68093.txt
Arintlsloi, 68093.txt
Wilt, 68093.txt
Chese, 68093.txt
Maud, 68093.txt
Chesebrough, 68093.txt
Hornblower, 68093.txt
Checicbniiigh, 68093.txt
Green, 68093.txt
Green, 68093.txt
HornblowersAllnnhlgrhalrln, 68093.txt
Chenehrough, 68093.txt
Wilson, 68093.txt
Irren, 68093.txt
Oreen, 68093.txt
Mrthmelirouch, 68093.txt
Hurnbloner, 68093.txt
Tom Watson, 68094.txt
Thornton, 68094.txt
Charles, 68094.txt
Tom Watson, 68094.txt
Illork Imler, 68094.txt
Hpeer, 68094.txt
Justus, 68094.txt
Watson, 68094.txt
Hlork, 68094.txt
Kngineer Keating, 68095.txt
Agrnt Wheeler, 68095.txt
Alderman, 68095.txt
Slouuu, 68095.txt
Wright, 68096.txt
Mrs Wright, 68096.txt
Iho, 68096.txt
Ian, 68096.txt
Pintle Rlter, 68096.txt
Ihiy, 68096.txt
Walt, 68096.txt
Jim, 68096.txt
Milntlng, 68096.txt
Jim, 68096.txt
Walto, 68096.txt
Ilir, 68097.txt
Wllllamiburgh, 68097.txt
Miller, 68097.txt
euan Iii, 68097.txt
John, 68100.txt
Charles, 68100.txt
Hill, 68100.txt
John Ilod Thnlllrs, 68100.txt
Ilrmneratlc, 68100.txt
Drpetv, 68100.txt
Dutal, 68100.txt
Charley Di, 68100.txt
Uhauncey Dcimw, 68100.txt
Huff, 68101.txt
HidK Ihe, 68101.txt
Ihoiiicwqulto, 68101.txt
Tim Millhanof, 68102.txt
Herman Tenehtr, 68104.txt
Millar, 68104.txt
Inside Iho, 68104.txt
Dunne, 68104.txt
Minns, 68104.txt
Hoefrl, 68104.txt
Ixli Introdtiiid, 68104.txt
Ilmfel, 68104.txt
Ihen, 68104.txt
Hoefel, 68104.txt
KImlra, 68104.txt
Hoefel, 68104.txt
Seth, 68105.txt
Ihnnkngltliii, 68105.txt
Olin In, 68105.txt
Ilia, 68107.txt
Ihilndelphlicwlth, 68107.txt
Lxii, 68107.txt
Pott, 68107.txt
Irltb, 68107.txt
Vtii, 68107.txt
Sampson, 68107.txt
Judce, 68107.txt
John, 68107.txt
John A Iogan, 68107.txt
Thompson, 68107.txt
Pitts, 68107.txt
Stewart, 68107.txt
Jones, 68108.txt
Mnsin Rcnshnw Jones, 68108.txt
Kasl IlflteUhth, 68108.txt
Jones, 68108.txt
Air Jones, 68108.txt
Jotirs, 68108.txt
Jonei, 68108.txt
Rtnsbnn Mnson Jones, 68108.txt
Lewis Irncsl, 68108.txt
Idch, 68108.txt
Profrsior Kmerltus Di Klcenlinxlt, 68108.txt
Elgtnbrndt, 68108.txt
William R lcolte, 68108.txt
Phlladelulda, 68108.txt
William I AhKlnnln, 68108.txt
Alerlnuln, 68108.txt
Li Airs Vnnc Jiidson, 68108.txt
Henry, 68108.txt
Vdiiins Fxpresi, 68108.txt
John Donnelly, 68108.txt
Mason, 68108.txt
Muter, 68109.txt
Anne Klctrn, 68110.txt
Wnli, 68110.txt
Imlj, 68110.txt
Ilia Impcilal, 68110.txt
CatlmlrPerler Aiccpt, 68110.txt
Bsurtd, 68110.txt
Irani Alexander III, 68110.txt
Alexander, 68110.txt
Fmperor Nicholas, 68110.txt
Iliirdeau, 68110.txt
da Herr Chtumrtslct, 68110.txt
Herr, 68110.txt
Hrrr ChlumotKky, 68110.txt
Ilierondo Marochettl, 68110.txt
Humbert, 68110.txt
Nicholas, 68110.txt
Ibe Demli, 68111.txt
Alexander, 68111.txt
Alix, 68111.txt
Olga, 68111.txt
SaxeCoburg Uothua, 68111.txt
Ietden, 68111.txt
Duchess Elizabeth, 68111.txt
Alii, 68111.txt
Iktili, 68111.txt
Ion KII, 68111.txt
Chnlloii Tlowis, 68114.txt
Hans, 68114.txt
Johns Hopkins, 68114.txt
Prof Palmer, 68114.txt
Johns Hopkins, 68114.txt
Frank Damrosch, 68114.txt
Wagners Hans ach, 68114.txt
Myre de Vllers, 68115.txt
Hpei, 68115.txt
NturaKntitttt Iark, 68120.txt
Rood, 68125.txt
Taylor, 68125.txt
Don, 68125.txt
Ijorkhari, 68125.txt
Hal Plenum, 68125.txt
Nerles, 68125.txt
Nnrnh Korth, 68125.txt
Hiott, 68125.txt
Tnnva, 68125.txt
Bam, 68134.txt
Juck, 68140.txt
Rood, 68144.txt
Sara, 68147.txt
PATRICK, 68147.txt
KRKWIX, 68147.txt
Aho, 68147.txt
McKlNLKV, 68147.txt
Ron, 68147.txt
Crald, 68148.txt
Jlcoit J OmAN, 68155.txt
Imr Klralfy, 68169.txt
Freedman, 68169.txt
Kntllthmen, 68171.txt
Irtat, 68171.txt
Mason, 68171.txt
White of SU Louis, 68171.txt
Akxoclattsl, 68186.txt
Hubert, 68186.txt
Ibe, 68186.txt
Henry McAlcenan, 68187.txt
Mrs, 68187.txt
MeAleenan, 68187.txt
Ito, 68187.txt
Cooper Ililon, 68190.txt
Ilii, 68190.txt
Charles, 68190.txt
Samuel, 68190.txt
Baylns, 68190.txt
AltinlMri, 68190.txt
Francis, 68192.txt
Eric, 68192.txt
Ciillannn, 68192.txt
Mill Illnclim, 68192.txt
Iallana, 68192.txt
Decker, 68192.txt
Callanan, 68192.txt
Marlon, 68193.txt
Miller, 68193.txt
Thomas WliiMir, 68193.txt
John A Cairns, 68195.txt
Imler, 68198.txt
Ilrntight, 68198.txt
Inaveli, 68198.txt
Adams, 68202.txt
Vusi Ingtoii, 68202.txt
Pntigiiki, 68202.txt
Clrvclainl, 68202.txt
Hubert, 68202.txt
Ilkcniiinunl Anni, 68202.txt
Morris, 68203.txt
Horn, 68203.txt
Ibe, 68204.txt
Aillfldiinl, 68204.txt
IliPiimmisetsnf, 68204.txt
UeoiRp Jay loubl, 68208.txt
Nottl, 68208.txt
Karl Cranston, 68221.txt
Joyce Fitzgerald, 68221.txt
Karl Cranston, 68221.txt
Andrews, 68223.txt
Lexow, 68223.txt
Eugar M Tomllnson, 68223.txt
Andrews, 68223.txt
Couplala, 68224.txt
DlTvcr William II Hale, 68224.txt
Moev, 72074.txt
George K Whitworth, 72074.txt
Allison Las, 72074.txt
Whit, 72074.txt
Allison, 72074.txt
Allison III the Clln, 72074.txt
Allison, 72074.txt
icorgu Chaffee, 72075.txt
CUric Bcl, 72075.txt
Dailey J, 72075.txt
William L, 72086.txt
Andrew H Green, 72088.txt
Green R L Fryer, 72088.txt
William Hamilton, 72088.txt
John M Dowers, 72088.txt
Green, 72088.txt
Gresham, 72088.txt
Tom, 72089.txt
Mrs Charlotte II Haydon, 72090.txt
Frank A Wilkinson, 72090.txt
Charles A Ha don, 72090.txt
Wilkinson, 72090.txt
Hald, 72090.txt
Haydnn, 72090.txt
Samuel It Davis, 72091.txt
Mntnrtnan James Kelly, 72091.txt
JiavU, 72091.txt
Kelly, 72091.txt
McElroy, 72091.txt
Davis, 72091.txt
Duv, 72091.txt
Holcomb, 72092.txt
Daniel W Tnllmadge, 72102.txt
Itenja mIni Tallmuilge, 72102.txt
John Y McKnnns, 72102.txt
Harrison, 72102.txt
Knssctt, 72102.txt
Ieler Cooper Tlemnn, 72102.txt
Daniel K Tleman, 72102.txt
Peter CiMipcr, 72102.txt
Coopers, 72102.txt
Ho Icuvefl, 72102.txt
William Sutton, 72102.txt
Kcho, 72102.txt
Hutton, 72102.txt
Ho, 72102.txt
Peter JVolt, 72102.txt
Chester Kushncll, 72102.txt
Iliuhnell, 72102.txt
Michael J O Donncll, 72104.txt
Col Stevens, 72104.txt
Joscphns Daniels, 72105.txt
Daniels, 72105.txt
Htatn, 72105.txt
Maxwell, 72106.txt
Springer, 72107.txt
Springer, 72107.txt
Springer, 72107.txt
Herbert, 72108.txt
Capt Ilalnbrldce Kofi, 72108.txt
Charles, 72116.txt
Mrs Cbarl, 72116.txt
Hharn Jr, 72116.txt
Archer, 72121.txt
James R Read, 72121.txt
Lacombe, 72121.txt
Lawrence, 72121.txt
Samuel Lewis, 72130.txt
Rudolph Sommers, 72130.txt
Hastings Iliesson, 72130.txt
James H Eckels, 72131.txt
George H Passey, 72137.txt
Horace Cralghead, 72137.txt
Cralghead, 72137.txt
George Seymour of Hobo Ken, 72138.txt
Donato, 72138.txt
Wlnfleld, 72138.txt
Seymour, 72138.txt
Wlnlleld, 72138.txt
Wlnfleld, 72138.txt
HuiUpeth, 72138.txt
Martin, 72139.txt
Messrs Abraham A Straus, 72140.txt
Hocker, 72140.txt
Jarob Dutnfelser, 72141.txt
William, 72141.txt
Dumfelser, 72141.txt
Chester, 72142.txt
Chester, 72142.txt
Drey, 72143.txt
Palmer Campbell, 72143.txt
Klku Oyaroa, 72145.txt
James McGlnnls, 72146.txt
McGlnnls, 72146.txt
McGlnnls, 72146.txt
Bates, 72172.txt
Jennie, 72172.txt
Bnlniford, 72173.txt
William S Italnsford, 72173.txt
MR ANn MRS rEAnSAZLlt FXRIL, 72175.txt
Thomas K le1tIa1l, 72175.txt
Iesr, 72175.txt
Detrctlxe Richardson, 72178.txt
Erleksoa, 72179.txt
John Krlckson, 72179.txt
Cook, 72179.txt
John S Mcnsghs, 72183.txt
Jamrs Smith, 72183.txt
Holmken, 72183.txt
Craiiv, 72183.txt
Hrhleren, 72184.txt
Augustus K Sloan, 72184.txt
Charles I L Tiffany Major Charles A Pchlcrenof Brooklyn Mayorelect William L Strong, 72184.txt
Franklin Dartlett Charles Stewart Smith, 72184.txt
Frederic Tuj, 72184.txt
Schleren, 72184.txt
Franklin Bartlett, 72184.txt
Noah Ijavis David C Lodtt, 72184.txt
John W Brocoii Charles Stexxart Smith, 72184.txt
Jay Hicks, 72185.txt
Vrouldbe Hiilrlde Stanley Kvlll, 72186.txt
Ilia, 72186.txt
Tremendon Ran, 72188.txt
Wizard Jivob Schaefer, 72188.txt
Frank Ives, 72188.txt
Napoleon, 72188.txt
Schaefer, 72188.txt
Schaefer, 72188.txt
Schacfer, 72188.txt
Vlgnaux, 72188.txt
Schacfer, 72188.txt
Schaefer, 72188.txt
Itxxasxerv, 72188.txt
Niipolron, 72188.txt
Schaefer, 72188.txt
Napoleon, 72188.txt
Iwtter, 72188.txt
Zll, 72188.txt
Hiiiill, 72188.txt
Nii, 72188.txt
William Dalton, 72189.txt
Peter Mor, 72189.txt
Murphy, 72189.txt
Murpliy, 72189.txt
Knte Kenrner, 72192.txt
Mis Kearney, 72192.txt
John Kill, 72194.txt
Lronanl Kalian, 72194.txt
Alfred S Haiighton, 72195.txt
Morton Clubof, 72195.txt
Haughton, 72195.txt
CLKVIUMI, 72202.txt
CLKVCLAND, 72202.txt
WILSON, 72202.txt
ClEVKHSli, 72202.txt
WILSON, 72202.txt
Kalmontli, 72205.txt
Hon THOMAS Jitrricnso JARVIS, 72206.txt
McCiMAons, 72208.txt
Jonne, 72213.txt
Tim Illuntrlous Arab, 72213.txt
Kiiustira, 72217.txt
James Quinn, 72230.txt
Daly, 72230.txt
Campbell, 72235.txt
Oyer, 72235.txt
Iluirnl, 72235.txt
Jacob W Knippon, 72236.txt
Jcstlce, 72236.txt
Bentley, 72240.txt
Tlt Lrl, 72240.txt
Woram, 72240.txt
J Grant, 72240.txt
Mclnt, 72240.txt
Josephine, 72240.txt
Mrs Josoli, 72240.txt
Thorpe, 72240.txt
Cbinpiukjn, 72240.txt
Mcintyre, 72240.txt
McIntyre, 72240.txt
Superiaundcnt Byrne, 72241.txt
Horace Mann, 72242.txt
Seth Low, 72242.txt
Howard, 72242.txt
Horace Mann, 72242.txt
Trutef, 72242.txt
Xov, 72243.txt
Veilvorlb Mast Oo, 72252.txt
Barrett, 72252.txt
William P I Wentworlh, 72252.txt
Adam Schnorr, 72256.txt
Itlchborns, 72260.txt
Iarkhtirst, 72265.txt
Hilmrletitlj, 72265.txt
Iarkhutst, 72265.txt
Kltch, 72266.txt
Kltch, 72266.txt
Daniel, 72267.txt
Morton, 72267.txt
Keren, 72267.txt
John ablnn Smith, 72267.txt
John Murray Mitchell, 72267.txt
James J Walsh, 72267.txt
Julius Schroeder, 72268.txt
Wagner, 72268.txt
KxSenator Cullen, 72268.txt
Daniel McCabe, 72269.txt
Marcy, 72269.txt
John, 72269.txt
Byrne, 72269.txt
HIORB, 72271.txt
Hraveteid, 72271.txt
Iraveseml John Y McKane, 72271.txt
Brown, 72271.txt
McKnne, 72271.txt
Kite, 72271.txt
Ihathn, 72271.txt
Urown, 72271.txt
Imas, 72271.txt
Ilrnwii, 72271.txt
Brown, 72271.txt
Ilarknea, 72271.txt
Itroun, 72271.txt
Drown Instsla, 72271.txt
Othen, 72271.txt
John W eppcnbagen, 73812.txt
William SNELL, 73812.txt
Grace, 73812.txt
John McUonntd, 73821.txt
Simon, 73821.txt
Wai, 73821.txt
HOWLEY McDonald, 73821.txt
Franklin, 73821.txt
Mc, 73821.txt
Mrs McDonald, 73821.txt
Kassop, 73821.txt
Mrs McDonald, 73821.txt
McDonald Elson, 73821.txt
Mrs McDonald, 73821.txt
James J evans, 73825.txt
Devens, 73825.txt
Devens, 73825.txt
Kevin, 73825.txt
Henry Clay He, 73825.txt
Robert, 73825.txt
David IlonnerCommodore Vanderbilt William H, 73825.txt
Heusen Compton, 73825.txt
Compton, 73825.txt
Bovine, 73825.txt
Mrs Thomas F Itelllrof, 73825.txt
Joseph L Shipley, 73825.txt
JouriKil, 73825.txt
Shipley, 73825.txt
RANIN, 73825.txt
L Moore, 73825.txt
Mn Hasson, 73825.txt
Williams, 73825.txt
Clifford It, 73825.txt
Clifford, 73825.txt
Joseph Warren, 73825.txt
Joseph Warren, 73825.txt
Lynn Mans, 73825.txt
Lynn, 73825.txt
Isaac Tuttle, 73825.txt
Tuttle, 73825.txt
Samuel Meredith, 73825.txt
Isaac, 73825.txt
James L, 73825.txt
Putnam, 73825.txt
Johnson, 73825.txt
Rodney, 73825.txt
Elaha Newland, 73825.txt
Oswald Walters Brierly, 73825.txt
Victoria, 73825.txt
Lopa, 73853.txt
Andy, 73853.txt
Andy, 73853.txt
Lavljctie, 73853.txt
KlUpatrlrjt Jim Hall, 73853.txt
Thomas Artur VlnrMit IhVllle Albert, 73853.txt
Charles PpltxfAddrn John, 73853.txt
Wllllum A Scholl Charles C Julian William, 73853.txt
Kieler, 73853.txt
Tommy, 73853.txt
Bayard, 73881.txt
Armitage, 73881.txt
Landau, 73881.txt
Augusta Iturdeau M Felix jules EMELINE, 73881.txt
Lobnoe, 73881.txt
Hulgarlau Snbrsnje, 73881.txt
Cady TUAZON, 73898.txt
LEROY, 73914.txt
Jones, 73939.txt
Pitt, 73939.txt
Buchanan, 73942.txt
Hnmtiel, 73944.txt
NEFF, 73944.txt
Ho, 73944.txt
John, 73953.txt
John Curley, 73953.txt
Smith, 73953.txt
Curley, 73953.txt
Curley, 73953.txt
John Manning, 73953.txt
Iatroltuen Lang, 73953.txt
Smith, 73953.txt
Curley, 73953.txt
John McDonald, 73953.txt
Curley, 73953.txt
Curie, 73953.txt
Curley, 73953.txt
John Allison, 73957.txt
Detroit Meyer, 73959.txt
Ilngree, 73959.txt
William K SUNDBERG, 73960.txt
Wllltamsliurgh, 73960.txt
Mrs 1uueliert, 73960.txt
SUNDBERG, 73960.txt
Roberts, 73962.txt
Roberts, 73962.txt
JASPER Tenn Dec OJEN, 73970.txt
John Ken, 73970.txt
John, 73970.txt
Kennedy, 73970.txt
James S lowry, 73970.txt
Kt Louis Railroad, 73970.txt
John Kennedy, 73970.txt
Kaplin, 73970.txt
Hen Kennedy, 73970.txt
Kennedy, 73970.txt
John, 73970.txt
JOSEPHUS, 73970.txt
Louie Abt, 73974.txt
Mary, 73974.txt
Abt, 73974.txt
Mary, 73974.txt
Abt, 73974.txt
Mary, 73974.txt
Mary, 73974.txt
Abt, 73974.txt
Abt, 73974.txt
Illi, 73974.txt
Dong, 73974.txt
Mary, 73974.txt
Doug, 73974.txt
Annie McCauley, 73975.txt
Noonan, 73975.txt
moonan, 73975.txt
moonan, 73975.txt
Randolph, 73976.txt
Amos Marson, 73976.txt
George Fol, 73976.txt
William Mclteadr, 73976.txt
William Shepherd, 73977.txt
Watchman Jones, 73977.txt
John i Marshall, 73977.txt
Wyckoff, 73977.txt
Louis Dro, 73977.txt
Marshall, 73977.txt
Hare, 73977.txt
Cap, 73977.txt
Kerouac, 73979.txt
Meyer Rosenberg, 73979.txt
Morris, 73982.txt
Smiley, 73982.txt
John Randall the Kplrituallit, 73983.txt
Moss, 73983.txt
Mrs mon, 73983.txt
Thomas C Wisher, 74786.txt
Ollle, 74786.txt
Wisker, 74786.txt
Tut, 74788.txt
Nathaniel M Tot, 74788.txt
Tuthlll, 74788.txt
Tuthlll, 74788.txt
Tuthlll, 74788.txt
Tlreyllve, 74788.txt
John n Wise, 74789.txt
James B Wise, 74789.txt
George D Holbrook, 74789.txt
Wise, 74789.txt
Wise, 74789.txt
Holbrook, 74789.txt
Lillian Deuce, 74789.txt
Carlisle, 74790.txt
Carlisle, 74790.txt
Carlisles, 74790.txt
MelBtyr, 74791.txt
McIntyre, 74791.txt
Thurow, 74791.txt
Doherty, 74791.txt
Mrs Thurow, 74791.txt
Ho, 74792.txt
Johnson, 74792.txt
Hrooklya Thomas, 74793.txt
Stevenson, 74796.txt
Letltta, 74796.txt
William Kdmunds Hay, 74812.txt
Sew York, 74812.txt
Ottendorfer, 74814.txt
Edward Lbl, 74814.txt
George W Hatfleld, 74820.txt
John Weudelken, 74822.txt
Huaar Krflnerle, 74830.txt
Henry Korhler, 74836.txt
Cornelia, 74836.txt
Kdmond Parker Howas, 74849.txt
John Augustus Washington, 74849.txt
Parker, 74849.txt
Ilia, 74849.txt
Irani Duko Alexis, 74849.txt
Kulnlliv, 74849.txt
Hpntn, 74849.txt
Parker, 74849.txt
Mrs Grant, 74849.txt
Hayes, 74849.txt
Arthur, 74849.txt
Hptaklng, 74849.txt
Sherman Mhcrl dan Logan Duller Hanks, 74849.txt
Gens Lee Joe Johnston Gor, 74849.txt
Parker, 74849.txt
Ihcy, 74849.txt
Ihn, 74849.txt
Ileen Found, 74850.txt
Capt James Ityan, 74850.txt
Aaron, 74850.txt
Capt James Ityan, 74850.txt
Capo, 74850.txt
John DlehL, 74850.txt
William Dlehl, 74850.txt
Lottie Ulchl, 74850.txt
Aaronss, 74850.txt
Cem, 74854.txt
Ling Iluo, 74854.txt
Iho, 74854.txt
Ko, 74855.txt
Mie, 74855.txt
Hhhop McDonnell, 74865.txt
